{"cameraMode":{"drawMode":0,"name":"Shaded","section":"Shading Mode"},"sceneLighting":true,"audioPlay":false,"sceneViewState":{"m_AlwaysRefresh":false,"showFog":true,"showSkybox":true,"showFlares":true,"showImageEffects":true,"showParticleSystems":true,"showVisualEffectGraphs":true,"m_FxEnabled":true},"in2DMode":false,"pivot":{"x":0.24997234344482423,"y":1.8189033269882203,"z":0.2280062437057495},"rotation":{"x":-0.2654366195201874,"y":-0.20007608830928803,"z":0.0564095564186573,"w":-0.941453754901886},"size":0.7981728315353394,"orthographic":false}